-- Before running this seed:
-- 1. Create three auth users in Supabase Auth with the IDs below, or replace IDs with real auth.users IDs.
-- 2. Run supabase/schema.sql first.

insert into public.users (id, email, username, name, phone, bio, level, verified, verified_at)
values
  ('11111111-1111-1111-1111-111111111111', 'tom@sportrip.app', 'runner_tom', 'Tom 林', '0912-345-678', '晨跑與越野愛好者', 12, true, now()),
  ('22222222-2222-2222-2222-222222222222', 'alice@sportrip.app', 'cycle_alice', 'Alice 王', '0922-111-222', '單車與瑜珈雙修', 7, true, now()),
  ('33333333-3333-3333-3333-333333333333', 'kevin@sportrip.app', 'fit_kevin', 'Kevin 陳', '0933-333-444', 'Cross training 與社群經營', 9, false, null)
on conflict (id) do nothing;

insert into public.guilds (id, owner_id, name, slug, description, cover_image, location, member_count, rating, review_count, status)
values
  ('a1111111-1111-1111-1111-111111111111', '11111111-1111-1111-1111-111111111111', '台北跑步社', 'taipei-runners', '每週六早上固定晨跑，歡迎新手加入，從 5K 到 10K 都有人帶。', 'https://images.unsplash.com/photo-1486218119243-13883505764c?auto=format&fit=crop&w=1200&q=80', '台北市', 120, 4.8, 65, 'approved'),
  ('a2222222-2222-2222-2222-222222222222', '22222222-2222-2222-2222-222222222222', '單車環島團', 'cycling-loop', '從城市團練到長距離耐力課表，適合有志挑戰環島的車友。', 'https://images.unsplash.com/photo-1517649763962-0c623066013b?auto=format&fit=crop&w=1200&q=80', '新北市', 85, 4.7, 43, 'approved'),
  ('a3333333-3333-3333-3333-333333333333', '33333333-3333-3333-3333-333333333333', '力量工廠', 'power-lab', '專注肌力訓練與體態改善，提供新手與進階者分級課表。', 'https://images.unsplash.com/photo-1517836357463-d25dfeac3438?auto=format&fit=crop&w=1200&q=80', '台北市', 200, 4.9, 88, 'approved'),
  ('a4444444-4444-4444-4444-444444444444', '11111111-1111-1111-1111-111111111111', '山系週末隊', 'weekend-hikers', '中級山、郊山與步道小旅行，每月一次長程活動。', 'https://images.unsplash.com/photo-1464822759023-fed622ff2c3b?auto=format&fit=crop&w=1200&q=80', '新竹縣', 64, 4.6, 29, 'approved'),
  ('a5555555-5555-5555-5555-555555555555', '22222222-2222-2222-2222-222222222222', 'Flow 瑜珈會', 'flow-yoga-club', '把恢復訓練做好，從呼吸、伸展到核心穩定一起練。', 'https://images.unsplash.com/photo-1518611012118-696072aa579a?auto=format&fit=crop&w=1200&q=80', '台中市', 48, 4.8, 20, 'approved')
on conflict (id) do nothing;

insert into public.guild_tags (guild_id, tag)
values
  ('a1111111-1111-1111-1111-111111111111', '跑步'),
  ('a1111111-1111-1111-1111-111111111111', '路跑'),
  ('a1111111-1111-1111-1111-111111111111', '晨跑'),
  ('a2222222-2222-2222-2222-222222222222', '單車'),
  ('a2222222-2222-2222-2222-222222222222', '環島'),
  ('a3333333-3333-3333-3333-333333333333', '健身'),
  ('a3333333-3333-3333-3333-333333333333', '重訓'),
  ('a4444444-4444-4444-4444-444444444444', '登山'),
  ('a5555555-5555-5555-5555-555555555555', '瑜珈')
on conflict do nothing;

insert into public.guild_members (guild_id, user_id, role)
values
  ('a1111111-1111-1111-1111-111111111111', '11111111-1111-1111-1111-111111111111', 'owner'),
  ('a1111111-1111-1111-1111-111111111111', '22222222-2222-2222-2222-222222222222', 'member'),
  ('a2222222-2222-2222-2222-222222222222', '22222222-2222-2222-2222-222222222222', 'owner'),
  ('a2222222-2222-2222-2222-222222222222', '11111111-1111-1111-1111-111111111111', 'member'),
  ('a3333333-3333-3333-3333-333333333333', '33333333-3333-3333-3333-333333333333', 'owner')
on conflict do nothing;

insert into public.events (id, guild_id, title, description, cover_image, event_type, start_time, end_time, location, max_participants, price, registration_deadline, status)
values
  ('b1111111-1111-1111-1111-111111111111', 'a1111111-1111-1111-1111-111111111111', '陽明山晨跑 10K', '從第二停車場出發，穩定配速完跑 10K，適合有基礎跑步經驗的朋友。', 'https://images.unsplash.com/photo-1486218119243-13883505764c?auto=format&fit=crop&w=1200&q=80', 'running', '2026-04-25 07:00:00+08', '2026-04-25 09:00:00+08', '陽明山國家公園第二停車場', 30, 100, '2026-04-24 23:00:00+08', 'open'),
  ('b2222222-2222-2222-2222-222222222222', 'a3333333-3333-3333-3333-333333333333', '核心訓練團課', '60 分鐘核心與下肢穩定訓練，帶你打穩每週訓練基礎。', 'https://images.unsplash.com/photo-1517836357463-d25dfeac3438?auto=format&fit=crop&w=1200&q=80', 'fitness', '2026-04-27 19:00:00+08', '2026-04-27 20:30:00+08', '大安區訓練空間', 20, 200, '2026-04-27 12:00:00+08', 'open'),
  ('b3333333-3333-3333-3333-333333333333', 'a2222222-2222-2222-2222-222222222222', '單車環島訓練', '平路耐力配速與補給節奏演練，環島前必練。', 'https://images.unsplash.com/photo-1517649763962-0c623066013b?auto=format&fit=crop&w=1200&q=80', 'cycling', '2026-04-29 18:30:00+08', '2026-04-29 21:00:00+08', '八里左岸集合', 15, 0, '2026-04-29 12:00:00+08', 'open'),
  ('b4444444-4444-4444-4444-444444444444', 'a5555555-5555-5555-5555-555555555555', '夜間舒緩瑜珈', '專注髖部與背部伸展，適合長時間久坐的上班族。', 'https://images.unsplash.com/photo-1518611012118-696072aa579a?auto=format&fit=crop&w=1200&q=80', 'yoga', '2026-04-30 20:00:00+08', '2026-04-30 21:15:00+08', '西區共創空間', 18, 150, '2026-04-30 16:00:00+08', 'open'),
  ('b5555555-5555-5555-5555-555555555555', 'a4444444-4444-4444-4444-444444444444', '北得拉曼健行', '週末中級山暖身團，完整補給與交通協調。', 'https://images.unsplash.com/photo-1464822759023-fed622ff2c3b?auto=format&fit=crop&w=1200&q=80', 'hiking', '2026-05-02 06:00:00+08', '2026-05-02 15:00:00+08', '內灣車站集合', 20, 300, '2026-05-01 18:00:00+08', 'open'),
  ('b6666666-6666-6666-6666-666666666666', 'a1111111-1111-1111-1111-111111111111', '大安森林公園配速課', '以 5K 為目標的節奏訓練課。', 'https://images.unsplash.com/photo-1486218119243-13883505764c?auto=format&fit=crop&w=1200&q=80', 'running', '2026-05-03 07:00:00+08', '2026-05-03 08:30:00+08', '大安森林公園', 24, 0, '2026-05-02 21:00:00+08', 'open'),
  ('b7777777-7777-7777-7777-777777777777', 'a3333333-3333-3333-3333-333333333333', '新手重訓入門', '從深蹲、硬舉到推舉，完整動作教學。', 'https://images.unsplash.com/photo-1517836357463-d25dfeac3438?auto=format&fit=crop&w=1200&q=80', 'fitness', '2026-05-05 19:30:00+08', '2026-05-05 21:00:00+08', '松山訓練館', 16, 250, '2026-05-05 12:00:00+08', 'open'),
  ('b8888888-8888-8888-8888-888888888888', 'a2222222-2222-2222-2222-222222222222', '河濱耐力騎乘', '80K 穩定騎乘練耐力。', 'https://images.unsplash.com/photo-1517649763962-0c623066013b?auto=format&fit=crop&w=1200&q=80', 'cycling', '2026-05-06 06:30:00+08', '2026-05-06 10:30:00+08', '新月橋下', 22, 0, '2026-05-05 22:00:00+08', 'open'),
  ('b9999999-9999-9999-9999-999999999999', 'a5555555-5555-5555-5555-555555555555', '午間伸展 flow', '上班族 45 分鐘恢復課。', 'https://images.unsplash.com/photo-1518611012118-696072aa579a?auto=format&fit=crop&w=1200&q=80', 'yoga', '2026-05-08 12:15:00+08', '2026-05-08 13:00:00+08', '台中西區', 15, 120, '2026-05-08 09:00:00+08', 'open'),
  ('b10101010-1010-1010-1010-101010101010', 'a4444444-4444-4444-4444-444444444444', '郊山夜行', '短距離夜行，練裝備與隊形。', 'https://images.unsplash.com/photo-1464822759023-fed622ff2c3b?auto=format&fit=crop&w=1200&q=80', 'hiking', '2026-05-10 18:00:00+08', '2026-05-10 21:00:00+08', '十八尖山入口', 12, 0, '2026-05-10 12:00:00+08', 'open')
on conflict (id) do nothing;

insert into public.event_registrations (event_id, user_id, status, payment_status, paid_amount)
values
  ('b1111111-1111-1111-1111-111111111111', '11111111-1111-1111-1111-111111111111', 'confirmed', 'paid', 100),
  ('b1111111-1111-1111-1111-111111111111', '22222222-2222-2222-2222-222222222222', 'confirmed', 'paid', 100),
  ('b2222222-2222-2222-2222-222222222222', '33333333-3333-3333-3333-333333333333', 'confirmed', 'paid', 200),
  ('b3333333-3333-3333-3333-333333333333', '11111111-1111-1111-1111-111111111111', 'confirmed', 'paid', 0)
on conflict do nothing;

insert into public.wallets (id, user_id, balance)
values
  ('w1111111-1111-1111-1111-111111111111', '11111111-1111-1111-1111-111111111111', 500),
  ('w2222222-2222-2222-2222-222222222222', '22222222-2222-2222-2222-222222222222', 320),
  ('w3333333-3333-3333-3333-333333333333', '33333333-3333-3333-3333-333333333333', 150)
on conflict (id) do nothing;

insert into public.wallet_transactions (wallet_id, type, amount, balance_after, description)
values
  ('w1111111-1111-1111-1111-111111111111', 'payment', -100, 500, '報名：陽明山晨跑 10K'),
  ('w1111111-1111-1111-1111-111111111111', 'topup', 500, 600, '儲值'),
  ('w1111111-1111-1111-1111-111111111111', 'reward', 50, 100, '推薦獎勵：@alice')
on conflict do nothing;

insert into public.achievements (user_id, badge_type)
values
  ('11111111-1111-1111-1111-111111111111', 'early_bird'),
  ('22222222-2222-2222-2222-222222222222', 'community_builder')
on conflict do nothing;

insert into public.reviews (guild_id, event_id, user_id, rating, comment)
values
  ('a1111111-1111-1111-1111-111111111111', 'b1111111-1111-1111-1111-111111111111', '22222222-2222-2222-2222-222222222222', 5, '節奏帶得很好，新手也跟得上。'),
  ('a2222222-2222-2222-2222-222222222222', 'b3333333-3333-3333-3333-333333333333', '11111111-1111-1111-1111-111111111111', 5, '補給規劃很完整。')
on conflict do nothing;
